[{"code":"PRAINBOWBRACKET","name":"Rainbow Brackets","pricingModel":"FREEMIUM","icon":"https://plugins.jetbrains.com/files/10080/834534/icon/default.svg","id":10080,"isFree":false,"describe":"","tags":["Freemium","User Interface","Code Tools","Fun Stuff","Editor","JavaScript","Code Editing","Productivity"],"licenseKey":"","crackstatus":""},{"code":"PGITTOOLBOX","name":"GitToolBox","pricingModel":"FREEMIUM","icon":"https://plugins.jetbrains.com/files/7499/830886/icon/default.svg","id":7499,"isFree":false,"describe":"","tags":["Freemium","Productivity","VCS"],"licenseKey":"","crackstatus":""},{"code":"PSYMFONYPLUGIN","name":"Symfony Plugin","pricingModel":"FREEMIUM","icon":"https://plugins.jetbrains.com/files/7219/770179/icon/default.svg","id":7219,"isFree":false,"describe":"","tags":["Freemium","Framework","PHP"],"licenseKey":"","crackstatus":""},{"code":"PMATERIALUI","name":"Material Theme UI","pricingModel":"FREEMIUM","icon":"https://plugins.jetbrains.com/files/8006/823582/icon/default.svg","id":8006,"isFree":false,"describe":"","tags":["Freemium","Theme","User Interface"],"licenseKey":"","crackstatus":""},{"code":"PBETTERHIGHLIGH","name":"Better Highlights","pricingModel":"FREEMIUM","icon":"https://plugins.jetbrains.com/files/12895/806667/icon/default.svg","id":12895,"isFree":false,"describe":"","tags":["Freemium","Inspection","Editor","Formatting","Code Editing","Editor Color Schemes","Code Quality"],"licenseKey":"","crackstatus":""},{"code":"PBASHSUPPORTPRO","name":"BashSupport Pro","pricingModel":"PAID","icon":"https://plugins.jetbrains.com/files/13841/832334/icon/default.svg","id":13841,"isFree":false,"describe":"","tags":["Paid","Tools Integration","Programming Language","Debugging","Testing"],"licenseKey":"","crackstatus":""},{"code":"PGHACTNSMGRPRO","name":"GitHub Actions Manager","pricingModel":"FREEMIUM","icon":"https://plugins.jetbrains.com/files/19347/829263/icon/default.svg","id":19347,"isFree":false,"describe":"","tags":["Freemium","Tools Integration","Remote APIs","Productivity","Build"],"licenseKey":"","crackstatus":""},{"code":"AIP","name":"JetBrains AI Assistant","pricingModel":"FREEMIUM","icon":"https://plugins.jetbrains.com/files/22282/840400/icon/default.svg","id":22282,"isFree":false,"describe":"","tags":["Freemium","Code Tools","Editor","Code Editing","Miscellaneous","Code Quality","Productivity","Machine Learning"],"licenseKey":"","crackstatus":""},{"code":"PIMAGEVIEWER","name":"Debug Image Viewer","pricingModel":"FREEMIUM","icon":"https://plugins.jetbrains.com/files/14371/747631/icon/default.svg","id":14371,"isFree":false,"describe":"","tags":["Freemium","Debugging","Data Science","Machine Learning","Notification and Visualizers","Viewer"],"licenseKey":"","crackstatus":""},{"code":"PAZD","name":"Azd","pricingModel":"PAID","icon":"https://plugins.jetbrains.com/files/22319/830866/icon/default.svg","id":22319,"isFree":false,"describe":"","tags":["Paid","Code Tools","Tools Integration","Cloud","VCS"],"licenseKey":"","crackstatus":""},{"code":"PANSIHIGHLIGHT","name":"ANSI Highlighter Premium","pricingModel":"PAID","icon":"https://plugins.jetbrains.com/files/9707/767822/icon/default.svg","id":9707,"isFree":false,"describe":"","tags":["Paid","Editor","Formatting","Debugging","Editor Color Schemes"],"licenseKey":"","crackstatus":""},{"code":"PEXTRATOOLWINDO","name":"Extra ToolWindow Colorful Icons","pricingModel":"FREEMIUM","icon":"https://plugins.jetbrains.com/files/16604/839318/icon/default.svg","id":16604,"isFree":false,"describe":"","tags":["Freemium","User Interface","Fun Stuff"],"licenseKey":"","crackstatus":""},{"code":"PEXTRAICONS","name":"Extra Icons","pricingModel":"PAID","icon":"https://plugins.jetbrains.com/files/11058/839325/icon/default.svg","id":11058,"isFree":false,"describe":"","tags":["Paid","User Interface","Fun Stuff","Miscellaneous","Productivity"],"licenseKey":"","crackstatus":""},{"code":"PSPRINGBOOTIDEA","name":"Spring Boot Helper","pricingModel":"PAID","icon":"https://plugins.jetbrains.com/files/18622/833744/icon/default.svg","id":18622,"isFree":false,"describe":"","tags":["Paid","Inspection","Code Tools","Framework","Code Editing","Completion"],"licenseKey":"","crackstatus":""},{"code":"PSEQUENCEDIAGRA","name":"SequenceDiagram Core","pricingModel":"FREEMIUM","icon":"https://plugins.jetbrains.com/files/8286/783428/icon/default.svg","id":8286,"isFree":false,"describe":"","tags":["Freemium","Modeling and CASE tools"],"licenseKey":"","crackstatus":""},{"code":"GZL","name":"Grazie Pro","pricingModel":"FREEMIUM","icon":"https://plugins.jetbrains.com/files/16136/820010/icon/default.svg","id":16136,"isFree":false,"describe":"","tags":["Freemium","Spellcheck"],"licenseKey":"","crackstatus":""},{"code":"PGERRYTHEMESPRO","name":"Gerry Themes Pro","pricingModel":"PAID","icon":"https://plugins.jetbrains.com/files/19668/832490/icon/default.svg","id":19668,"isFree":false,"describe":"","tags":["Paid","Theme","User Interface","Fun Stuff","Editor","Web","JavaScript","Code Editing","Editor Color Schemes","Productivity"],"licenseKey":"","crackstatus":""},{"code":"PFASTREQUEST","name":"Fast Request – API Buddy(HTTP client)","pricingModel":"PAID","icon":"https://plugins.jetbrains.com/files/16988/808765/icon/default.svg","id":16988,"isFree":false,"describe":"","tags":["Paid","User Interface","Code Tools","Tools Integration","Editor","Web","Framework","Code Editing","Debugging"],"licenseKey":"","crackstatus":""},{"code":"PHYBRISCOMMERCE","name":"Hybris Integration","pricingModel":"PAID","icon":"https://plugins.jetbrains.com/files/7525/817752/icon/default.svg","id":7525,"isFree":false,"describe":"","tags":["Paid","Inspection","Code Tools","Security","Tools Integration","Editor","Reporting","Framework","Profiling","Database","Programming Language","Refactoring","Formatting","Navigation","Code Editing","Maven","Remote APIs","Administration Tools","Cloud","Miscellaneous","Debugging","Completion","Code Quality","Productivity","Static Analysis","Education","Build","Notification and Visualizers","Testing","Viewer"],"licenseKey":"","crackstatus":""},{"code":"PRNCONSOLE","name":"React Native Console","pricingModel":"PAID","icon":"https://plugins.jetbrains.com/files/9564/721837/icon/default.svg","id":9564,"isFree":false,"describe":"","tags":["Paid","JavaScript","Android","iOS"],"licenseKey":"","crackstatus":""},{"code":"PMYBATISLOG","name":"MyBatis Log","pricingModel":"PAID","icon":"https://plugins.jetbrains.com/files/13905/617368/icon/default.svg","id":13905,"isFree":false,"describe":"","tags":["Paid","Framework"],"licenseKey":"","crackstatus":""},{"code":"PMYBATISHELPER","name":"MyBatisCodeHelperPro (Marketplace Edition)","pricingModel":"PAID","icon":"https://plugins.jetbrains.com/files/14522/800458/icon/default.svg","id":14522,"isFree":false,"describe":"","tags":["Paid","Framework"],"licenseKey":"","crackstatus":""},{"code":"PCREVIEW","name":"Bitbucket Integration Pro","pricingModel":"PAID","icon":"https://plugins.jetbrains.com/files/13538/818752/icon/default.svg","id":13538,"isFree":false,"describe":"","tags":["Paid","Tools Integration","VCS"],"licenseKey":"","crackstatus":""},{"code":"PODOO","name":"Odoo","pricingModel":"PAID","icon":"https://plugins.jetbrains.com/files/13499/829247/icon/default.svg","id":13499,"isFree":false,"describe":"","tags":["Paid","Framework"],"licenseKey":"","crackstatus":""},{"code":"PGITLAB","name":"JetLab — Integration for GitLab","pricingModel":"PAID","icon":"https://plugins.jetbrains.com/files/18689/818753/icon/default.svg","id":18689,"isFree":false,"describe":"","tags":["Paid","Tools Integration","VCS"],"licenseKey":"","crackstatus":""},{"code":"PWLANG","name":"Wolfram Language","pricingModel":"PAID","icon":"https://plugins.jetbrains.com/files/7232/744841/icon/default.svg","id":7232,"isFree":false,"describe":"","tags":["Paid","Programming Language"],"licenseKey":"","crackstatus":""},{"code":"PAEM","name":"AEM Support","pricingModel":"PAID","icon":"https://plugins.jetbrains.com/files/9863/812613/icon/default.svg","id":9863,"isFree":false,"describe":"","tags":["Paid","Framework"],"licenseKey":"","crackstatus":""},{"code":"PELASTICSEARCH","name":"Elasticsearch","pricingModel":"PAID","icon":"https://plugins.jetbrains.com/files/14512/794962/icon/default.svg","id":14512,"isFree":false,"describe":"","tags":["Paid","Tools Integration","Database"],"licenseKey":"","crackstatus":""},{"code":"PNGINX","name":"Nginx Configuration Pro","pricingModel":"PAID","icon":"https://plugins.jetbrains.com/files/18280/828456/icon/default.svg","id":18280,"isFree":false,"describe":"","tags":["Paid","Inspection","Code Tools","Web","Programming Language","Navigation","Code Editing","Completion"],"licenseKey":"","crackstatus":""},{"code":"PJETFORCER","name":"JetForcer | The Smartest Force.com IDE","pricingModel":"PAID","icon":"static/icons/Plugin_icon.svg","id":9238,"isFree":false,"describe":"","tags":["Paid","Cloud"],"licenseKey":"","crackstatus":""},{"code":"PDYNAMODB","name":"DynamoDB","pricingModel":"PAID","icon":"https://plugins.jetbrains.com/files/18896/798836/icon/default.svg","id":18896,"isFree":false,"describe":"","tags":["Paid","Tools Integration","Database"],"licenseKey":"","crackstatus":""},{"code":"PREDIS","name":"Redis","pricingModel":"PAID","icon":"https://plugins.jetbrains.com/files/12820/666089/icon/default.svg","id":12820,"isFree":false,"describe":"","tags":["Paid","Database"],"licenseKey":"","crackstatus":""},{"code":"PCWMP","name":"Code With Me","pricingModel":"FREEMIUM","icon":"static/icons/Plugin_icon.svg","id":14896,"isFree":false,"describe":"","tags":["Freemium","Fun Stuff","TeamWork","Code Editing"],"licenseKey":"","crackstatus":""},{"code":"PAEMIDE","name":"AEM IDE","pricingModel":"PAID","icon":"https://plugins.jetbrains.com/files/9269/795669/icon/default.svg","id":9269,"isFree":false,"describe":"","tags":["Paid","Framework"],"licenseKey":"","crackstatus":""},{"code":"PKSEXPLORER","name":"KS-Explorer","pricingModel":"PAID","icon":"https://plugins.jetbrains.com/files/18286/837448/icon/default.svg","id":18286,"isFree":false,"describe":"","tags":["Paid","User Interface","Editor"],"licenseKey":"","crackstatus":""},{"code":"PEASYCODEMYBATI","name":"EasyCode Plus","pricingModel":"FREEMIUM","icon":"https://plugins.jetbrains.com/files/13847/827402/icon/default.svg","id":13847,"isFree":false,"describe":"","tags":["Freemium","Framework"],"licenseKey":"","crackstatus":""},{"code":"PJETCLIENT","name":"JetClient - The Ultimate REST Client","pricingModel":"PAID","icon":"https://plugins.jetbrains.com/files/21173/826004/icon/default.svg","id":21173,"isFree":false,"describe":"","tags":["Paid","Code Tools","Tools Integration","Debugging","Productivity","Testing"],"licenseKey":"","crackstatus":""},{"code":"PVISUALGC","name":"JDK VisualGC","pricingModel":"FREEMIUM","icon":"https://plugins.jetbrains.com/files/14557/697775/icon/default.svg","id":14557,"isFree":false,"describe":"","tags":["Freemium","Profiling"],"licenseKey":"","crackstatus":""},{"code":"PTOOLSET","name":"Toolset","pricingModel":"FREEMIUM","icon":"https://plugins.jetbrains.com/files/14384/681853/icon/default.svg","id":14384,"isFree":false,"describe":"","tags":["Freemium","Code Tools","Tools Integration","Formatting","Code Editing"],"licenseKey":"","crackstatus":""},{"code":"PMBCODEHELPPRO","name":"Mybatis Smart Code Help Pro","pricingModel":"FREEMIUM","icon":"https://plugins.jetbrains.com/files/18389/681996/icon/default.svg","id":18389,"isFree":false,"describe":"","tags":["Freemium","Code Tools","Framework","Database"],"licenseKey":"","crackstatus":""},{"code":"PJENKINSFILE","name":"Jenkinsfile","pricingModel":"PAID","icon":"https://plugins.jetbrains.com/files/26270/837451/icon/default.svg","id":26270,"isFree":false,"describe":"","tags":["Paid","Code Tools","Editor","Programming Language","Code Editing","Completion"],"licenseKey":"","crackstatus":""},{"code":"PMONOKAIPRO","name":"Monokai Pro Theme","pricingModel":"FREEMIUM","icon":"https://plugins.jetbrains.com/files/13643/827537/icon/default.svg","id":13643,"isFree":false,"describe":"","tags":["Freemium","Theme","User Interface","Editor Color Schemes"],"licenseKey":"","crackstatus":""},{"code":"PFIREHIGHLIGHT","name":"Firebase Rules","pricingModel":"PAID","icon":"https://plugins.jetbrains.com/files/15189/837450/icon/default.svg","id":15189,"isFree":false,"describe":"","tags":["Paid","Editor Color Schemes"],"licenseKey":"","crackstatus":""},{"code":"PISCRATCH","name":"Code Notes:Project Notes, Java Pin Notes","pricingModel":"PAID","icon":"https://plugins.jetbrains.com/files/17501/837474/icon/default.svg","id":17501,"isFree":false,"describe":"","tags":["Paid","Code Tools","Productivity"],"licenseKey":"","crackstatus":""},{"code":"PCODEMRBASE","name":"CodeMR","pricingModel":"PAID","icon":"https://plugins.jetbrains.com/files/10811/585540/icon/default.svg","id":10811,"isFree":false,"describe":"","tags":["Paid","Inspection","Code Quality","Static Analysis"],"licenseKey":"","crackstatus":""},{"code":"POLYBPMNGDNEXT","name":"PolyBPMN visualizer","pricingModel":"PAID","icon":"https://plugins.jetbrains.com/files/21361/831797/icon/default.svg","id":21361,"isFree":false,"describe":"","tags":["Paid","User Interface","Editor","Modeling and CASE tools","Productivity"],"licenseKey":"","crackstatus":""},{"code":"PEXTPACK","name":"Extra Tools Pack","pricingModel":"PAID","icon":"https://plugins.jetbrains.com/files/24559/839332/icon/default.svg","id":24559,"isFree":false,"describe":"","tags":["Paid","User Interface","Fun Stuff","Miscellaneous","Productivity"],"licenseKey":"","crackstatus":""},{"code":"PEXCELEDITOR","name":"ExcelEditor","pricingModel":"FREEMIUM","icon":"https://plugins.jetbrains.com/files/18663/819191/icon/default.svg","id":18663,"isFree":false,"describe":"","tags":["Freemium","Code Tools","Editor","Viewer"],"licenseKey":"","crackstatus":""},{"code":"PSWIFTSUPPORT","name":"Swift Support","pricingModel":"FREEMIUM","icon":"https://plugins.jetbrains.com/files/22150/839711/icon/default.svg","id":22150,"isFree":false,"describe":"","tags":["Freemium","Programming Language","Code Editing"],"licenseKey":"","crackstatus":""},{"code":"PCMAKEPLUS","name":"CMake Plus","pricingModel":"PAID","icon":"https://plugins.jetbrains.com/files/12869/837139/icon/default.svg","id":12869,"isFree":false,"describe":"","tags":["Paid","Inspection","Code Tools","Programming Language","Navigation","Code Editing","Completion","Productivity","Build"],"licenseKey":"","crackstatus":""},{"code":"PGITWORKTREE","name":"Git Worktree","pricingModel":"FREEMIUM","icon":"https://plugins.jetbrains.com/files/23813/827860/icon/default.svg","id":23813,"isFree":false,"describe":"","tags":["Freemium","Tools Integration","VCS"],"licenseKey":"","crackstatus":""},{"code":"PZENUML","name":"ZenUML Support","pricingModel":"FREEMIUM","icon":"https://plugins.jetbrains.com/files/12437/760444/icon/default.svg","id":12437,"isFree":false,"describe":"","tags":["Freemium","Code Tools","Editor","Modeling and CASE tools","Viewer"],"licenseKey":"","crackstatus":""},{"code":"PRDFANDSPARQL","name":"RDF and SPARQL","pricingModel":"PAID","icon":"https://plugins.jetbrains.com/files/13838/806668/icon/default.svg","id":13838,"isFree":false,"describe":"","tags":["Paid","Editor","Programming Language","Formatting"],"licenseKey":"","crackstatus":""},{"code":"PCYPRESSSUPPORT","name":"Cypresso","pricingModel":"FREEMIUM","icon":"static/icons/Plugin_icon.svg","id":13819,"isFree":false,"describe":"","tags":["Freemium","Testing"],"licenseKey":"","crackstatus":""},{"code":"PSQLFORMATTER","name":"SQLFormatter","pricingModel":"PAID","icon":"static/icons/Plugin_icon.svg","id":22742,"isFree":false,"describe":"","tags":["Paid","Code Tools","Formatting"],"licenseKey":"","crackstatus":""},{"code":"PTERMINAL","name":"Terminal Pro","pricingModel":"FREEMIUM","icon":"https://plugins.jetbrains.com/files/18857/765883/icon/default.svg","id":18857,"isFree":false,"describe":"","tags":["Freemium","Tools Integration","OS Integration","Miscellaneous"],"licenseKey":"","crackstatus":""},{"code":"PSI","name":"Shared Project Indexes","pricingModel":"PAID","icon":"https://plugins.jetbrains.com/files/14437/808988/icon/default.svg","id":14437,"isFree":false,"describe":"","tags":["Paid","Miscellaneous"],"licenseKey":"","crackstatus":""},{"code":"PYAOQIANGBPMN","name":"Yaoqiang BPMN Editor","pricingModel":"PAID","icon":"static/icons/Plugin_icon.svg","id":9739,"isFree":false,"describe":"","tags":["Paid","Editor"],"licenseKey":"","crackstatus":""},{"code":"PGITLABMASTER","name":"GitLab Master","pricingModel":"PAID","icon":"https://plugins.jetbrains.com/files/20347/825083/icon/default.svg","id":20347,"isFree":false,"describe":"","tags":["Paid","Code Tools","VCS"],"licenseKey":"","crackstatus":""},{"code":"PNEONPRO","name":"NEON Nette Support","pricingModel":"PAID","icon":"https://plugins.jetbrains.com/files/18387/824560/icon/default.svg","id":18387,"isFree":false,"describe":"","tags":["Paid","Inspection","Code Tools","Framework","Code Editing","Completion","Productivity","PHP"],"licenseKey":"","crackstatus":""},{"code":"PORCHIDE","name":"OrchidE - Ansible Language Support","pricingModel":"PAID","icon":"static/icons/Plugin_icon.svg","id":12626,"isFree":false,"describe":"","tags":["Paid","Programming Language"],"licenseKey":"","crackstatus":""},{"code":"PGITLABCICD","name":"GitLab CICD - Pipelines \u0026 Jobs, Builds Run Cancel Retry View Log","pricingModel":"PAID","icon":"https://plugins.jetbrains.com/files/22202/822277/icon/default.svg","id":22202,"isFree":false,"describe":"","tags":["Paid","Tools Integration","Administration Tools","VCS","Build","Notification and Visualizers"],"licenseKey":"","crackstatus":""},{"code":"PAWSLAMBDADEPLR","name":"AWS Lambda Deployer","pricingModel":"PAID","icon":"static/icons/Plugin_icon.svg","id":14742,"isFree":false,"describe":"","tags":["Paid","Cloud"],"licenseKey":"","crackstatus":""},{"code":"PDATAGRAPH","name":"DataGraph","pricingModel":"FREEMIUM","icon":"https://plugins.jetbrains.com/files/22472/798841/icon/default.svg","id":22472,"isFree":false,"describe":"","tags":["Freemium","Productivity","Viewer"],"licenseKey":"","crackstatus":""},{"code":"PLANGUAGEPACKES","name":"Spanish Language Pack / Paquete De Idioma Español","pricingModel":"PAID","icon":"https://plugins.jetbrains.com/files/24541/827571/icon/default.svg","id":24541,"isFree":false,"describe":"","tags":["Paid","User Interface","Localization"],"licenseKey":"","crackstatus":""},{"code":"PJPASQL","name":"JPA SQL","pricingModel":"FREEMIUM","icon":"https://plugins.jetbrains.com/files/15242/522748/icon/default.svg","id":15242,"isFree":false,"describe":"","tags":["Freemium","Framework"],"licenseKey":"","crackstatus":""},{"code":"PAPPLETRUNNER","name":"Applet Runner","pricingModel":"FREEMIUM","icon":"https://plugins.jetbrains.com/files/16682/780754/icon/default.svg","id":16682,"isFree":false,"describe":"","tags":["Freemium","User Interface","Tools Integration","Plugin Development","Viewer"],"licenseKey":"","crackstatus":""},{"code":"POPENAPI","name":"OpenAPI Editor","pricingModel":"PAID","icon":"https://plugins.jetbrains.com/files/12887/829911/icon/default.svg","id":12887,"isFree":false,"describe":"","tags":["Paid","Editor"],"licenseKey":"","crackstatus":""},{"code":"PDJANGOCOMMANDR","name":"Django command runner","pricingModel":"FREEMIUM","icon":"https://plugins.jetbrains.com/files/13834/816480/icon/default.svg","id":13834,"isFree":false,"describe":"","tags":["Freemium","Build"],"licenseKey":"","crackstatus":""},{"code":"PSFCC","name":"Salesforce B2C Commerce (SFCC)","pricingModel":"PAID","icon":"https://plugins.jetbrains.com/files/13668/817771/icon/default.svg","id":13668,"isFree":false,"describe":"","tags":["Paid","Framework"],"licenseKey":"","crackstatus":""},{"code":"PTAILWINDFOLD","name":"Tailwind Fold","pricingModel":"FREEMIUM","icon":"https://plugins.jetbrains.com/files/23937/734333/icon/default.svg","id":23937,"isFree":false,"describe":"","tags":["Freemium","Code Tools","Editor","Web","JavaScript","Formatting"],"licenseKey":"","crackstatus":""},{"code":"PJMETERVIEWER","name":"JMeter Viewer","pricingModel":"FREEMIUM","icon":"https://plugins.jetbrains.com/files/22087/836192/icon/default.svg","id":22087,"isFree":false,"describe":"","tags":["Freemium","Tools Integration","Editor","Testing"],"licenseKey":"","crackstatus":""},{"code":"PJDCLEANREAD","name":"JavaDoc Clean Read","pricingModel":"PAID","icon":"https://plugins.jetbrains.com/files/10828/375796/icon/default.svg","id":10828,"isFree":false,"describe":"","tags":["Paid","Code Tools"],"licenseKey":"","crackstatus":""},{"code":"PREDISCLIHELPER","name":"Redis Client","pricingModel":"PAID","icon":"https://plugins.jetbrains.com/files/19360/837106/icon/default.svg","id":19360,"isFree":false,"describe":"","tags":["Paid","Database","Administration Tools"],"licenseKey":"","crackstatus":""},{"code":"PASYNCAPI","name":"AsyncAPI","pricingModel":"FREEMIUM","icon":"https://plugins.jetbrains.com/files/15673/830876/icon/default.svg","id":15673,"isFree":false,"describe":"","tags":["Freemium","Inspection","Editor","Completion","Viewer"],"licenseKey":"","crackstatus":""},{"code":"PLEP","name":"LeetCode Editor Pro","pricingModel":"PAID","icon":"https://plugins.jetbrains.com/files/17166/585832/icon/default.svg","id":17166,"isFree":false,"describe":"","tags":["Paid","Code Tools"],"licenseKey":"","crackstatus":""},{"code":"PKAFKA","name":"Kafka Client","pricingModel":"PAID","icon":"https://plugins.jetbrains.com/files/22284/832817/icon/default.svg","id":22284,"isFree":false,"describe":"","tags":["Paid","Tools Integration","Administration Tools","Productivity"],"licenseKey":"","crackstatus":""},{"code":"PCAICOMMITAPP","name":"AICommit","pricingModel":"PAID","icon":"https://plugins.jetbrains.com/files/21289/709525/icon/default.svg","id":21289,"isFree":false,"describe":"","tags":["Paid","VCS"],"licenseKey":"","crackstatus":""},{"code":"PNGROK","name":"Ngrok","pricingModel":"FREEMIUM","icon":"https://plugins.jetbrains.com/files/19205/837460/icon/default.svg","id":19205,"isFree":false,"describe":"","tags":["Freemium","User Interface","Tools Integration"],"licenseKey":"","crackstatus":""},{"code":"PMAGE","name":"Magento and Adobe Commerce PhpStorm by Atwix","pricingModel":"FREEMIUM","icon":"https://plugins.jetbrains.com/files/20554/820912/icon/default.svg","id":20554,"isFree":false,"describe":"","tags":["Freemium","Inspection","Framework","Navigation","Code Editing"],"licenseKey":"","crackstatus":""},{"code":"PMATERIALHC","name":"Material Theme UI High Contrast","pricingModel":"PAID","icon":"https://plugins.jetbrains.com/files/17456/822437/icon/default.svg","id":17456,"isFree":false,"describe":"","tags":["Paid","User Interface"],"licenseKey":"","crackstatus":""},{"code":"PAICODING","name":"AI Coding","pricingModel":"PAID","icon":"https://plugins.jetbrains.com/files/21263/825236/icon/default.svg","id":21263,"isFree":false,"describe":"","tags":["Paid","Code Tools","Completion"],"licenseKey":"","crackstatus":""},{"code":"PREDISTOOLS","name":"Redis-Cli","pricingModel":"PAID","icon":"https://plugins.jetbrains.com/files/16160/619509/icon/default.svg","id":16160,"isFree":false,"describe":"","tags":["Paid","Database"],"licenseKey":"","crackstatus":""},{"code":"PSKOL","name":"Skol","pricingModel":"PAID","icon":"https://plugins.jetbrains.com/files/20243/764777/icon/default.svg","id":20243,"isFree":false,"describe":"","tags":["Paid","Theme","User Interface","Editor","Code Editing","Editor Color Schemes"],"licenseKey":"","crackstatus":""},{"code":"PSMARTJUMP","name":"Smart Jump","pricingModel":"PAID","icon":"https://plugins.jetbrains.com/files/14053/274462/icon/default.svg","id":14053,"isFree":false,"describe":"","tags":["Paid","Navigation"],"licenseKey":"","crackstatus":""},{"code":"PJFORMDESIGNER","name":"JFormDesigner (Marketplace Edition)","pricingModel":"PAID","icon":"https://plugins.jetbrains.com/files/12621/585119/icon/default.svg","id":12621,"isFree":false,"describe":"","tags":["Paid","GUI Builder"],"licenseKey":"","crackstatus":""},{"code":"PBREWBUNDLE","name":"Brew Bundle","pricingModel":"PAID","icon":"https://plugins.jetbrains.com/files/20061/837453/icon/default.svg","id":20061,"isFree":false,"describe":"","tags":["Paid","Code Editing"],"licenseKey":"","crackstatus":""},{"code":"PLOCALIZATIONRU","name":"Russian Language Pack – Русский Язык","pricingModel":"PAID","icon":"https://plugins.jetbrains.com/files/26495/799491/icon/default.svg","id":26495,"isFree":false,"describe":"","tags":["Paid","User Interface","Localization"],"licenseKey":"","crackstatus":""},{"code":"PDBDATABASETOOL","name":"Database Tool","pricingModel":"PAID","icon":"https://plugins.jetbrains.com/files/19161/753131/icon/default.svg","id":19161,"isFree":false,"describe":"","tags":["Paid","Database"],"licenseKey":"","crackstatus":""},{"code":"PLANGUAGEPACKTW","name":"Chinese (Traditional) Language Pack / IDE 本地化為繁體中文","pricingModel":"PAID","icon":"https://plugins.jetbrains.com/files/25810/827854/icon/default.svg","id":25810,"isFree":false,"describe":"","tags":["Paid","User Interface","Localization"],"licenseKey":"","crackstatus":""},{"code":"PHPEAPLUGIN","name":"Php Inspections (EA Ultimate)","pricingModel":"PAID","icon":"static/icons/Plugin_icon.svg","id":16935,"isFree":false,"describe":"","tags":["Paid","Inspection","Refactoring"],"licenseKey":"","crackstatus":""},{"code":"PGENERATORCRUD","name":"Generator Crud","pricingModel":"PAID","icon":"https://plugins.jetbrains.com/files/16361/636729/icon/default.svg","id":16361,"isFree":false,"describe":"","tags":["Paid","Code Tools"],"licenseKey":"","crackstatus":""},{"code":"PQUARKUSHELPER","name":"Quarkus Assistant","pricingModel":"PAID","icon":"https://plugins.jetbrains.com/files/19027/477162/icon/default.svg","id":19027,"isFree":false,"describe":"","tags":["Paid","Framework"],"licenseKey":"","crackstatus":""},{"code":"PGERRYCYBERPUNK","name":"Gerry Cyberpunk","pricingModel":"PAID","icon":"https://plugins.jetbrains.com/files/20049/435415/icon/default.svg","id":20049,"isFree":false,"describe":"","tags":["Paid","Theme","User Interface"],"licenseKey":"","crackstatus":""},{"code":"PPOLARISTOMCATS","name":"Polaris Tomcat Server","pricingModel":"PAID","icon":"https://plugins.jetbrains.com/files/22429/774901/icon/default.svg","id":22429,"isFree":false,"describe":"","tags":["Paid","Tools Integration","JEE","Web","Maven","Productivity"],"licenseKey":"","crackstatus":""},{"code":"PSCIPIOFTL","name":"Flexible Freemarker","pricingModel":"PAID","icon":"https://plugins.jetbrains.com/files/23685/839226/icon/default.svg","id":23685,"isFree":false,"describe":"","tags":["Paid","Code Tools","Editor","Programming Language","Code Editing","Completion"],"licenseKey":"","crackstatus":""},{"code":"PREGEXTOOL","name":"Regex Tool","pricingModel":"PAID","icon":"https://plugins.jetbrains.com/files/15433/521938/icon/default.svg","id":15433,"isFree":false,"describe":"","tags":["Paid","Code Tools"],"licenseKey":"","crackstatus":""},{"code":"PFLUTTER","name":"Flutter Storm","pricingModel":"PAID","icon":"https://plugins.jetbrains.com/files/14718/522809/icon/default.svg","id":14718,"isFree":false,"describe":"","tags":["Paid","Code Tools"],"licenseKey":"","crackstatus":""},{"code":"PSWPLUGIN","name":"Shopware","pricingModel":"PAID","icon":"https://plugins.jetbrains.com/files/7410/586732/icon/default.svg","id":7410,"isFree":false,"describe":"","tags":["Paid","Framework"],"licenseKey":"","crackstatus":""},{"code":"PMONGODB","name":"Mongo DB","pricingModel":"PAID","icon":"https://plugins.jetbrains.com/files/23999/837116/icon/default.svg","id":23999,"isFree":false,"describe":"","tags":["Paid","Database"],"licenseKey":"","crackstatus":""},{"code":"PKSIX","name":"k6","pricingModel":"FREEMIUM","icon":"https://plugins.jetbrains.com/files/16141/807166/icon/default.svg","id":16141,"isFree":false,"describe":"","tags":["Freemium","Tools Integration","Testing"],"licenseKey":"","crackstatus":""},{"code":"PSVERILOG","name":"SystemVerilog Studio","pricingModel":"PAID","icon":"static/icons/Plugin_icon.svg","id":14203,"isFree":false,"describe":"","tags":["Paid","Programming Language"],"licenseKey":"","crackstatus":""},{"code":"PQTSQSSEDITOR","name":"Qt Style Sheets Editor","pricingModel":"PAID","icon":"https://plugins.jetbrains.com/files/16405/193379/icon/default.svg","id":16405,"isFree":false,"describe":"","tags":["Paid","Code Editing"],"licenseKey":"","crackstatus":""},{"code":"PAWSQLADVISOR","name":"SQL Optimizer,Index Advisor MySQL/Postgre/Oracle, Tune by PawSQL","pricingModel":"PAID","icon":"https://plugins.jetbrains.com/files/19660/825216/icon/default.svg","id":19660,"isFree":false,"describe":"","tags":["Paid","Code Tools","Tools Integration","Database","Programming Language","Formatting","Productivity"],"licenseKey":"","crackstatus":""},{"code":"PNEKOCAT","name":"TamaCat Web Browser","pricingModel":"FREEMIUM","icon":"https://plugins.jetbrains.com/files/22685/761942/icon/default.svg","id":22685,"isFree":false,"describe":"","tags":["Freemium","Web","Productivity"],"licenseKey":"","crackstatus":""},{"code":"PTAILWINDTOOLS","name":"Snippet Toolkit for Tailwind CSS","pricingModel":"PAID","icon":"https://plugins.jetbrains.com/files/20565/502104/icon/default.svg","id":20565,"isFree":false,"describe":"","tags":["Paid","Web","Snippets"],"licenseKey":"","crackstatus":""},{"code":"PMATERIALLANG","name":"Material Theme UI Language Additions","pricingModel":"PAID","icon":"https://plugins.jetbrains.com/files/19309/384269/icon/default.svg","id":19309,"isFree":false,"describe":"","tags":["Paid","User Interface"],"licenseKey":"","crackstatus":""},{"code":"PJSONKEYFINDER","name":"JSON Key Finder","pricingModel":"PAID","icon":"https://plugins.jetbrains.com/files/15064/701314/icon/default.svg","id":15064,"isFree":false,"describe":"","tags":["Paid","Code Tools"],"licenseKey":"","crackstatus":""},{"code":"PSCIPIO","name":"Scipio ERP Integration","pricingModel":"PAID","icon":"https://plugins.jetbrains.com/files/12108/692856/icon/default.svg","id":12108,"isFree":false,"describe":"","tags":["Paid","Framework"],"licenseKey":"","crackstatus":""},{"code":"PBEANCONVERTER","name":"Simple Object Copy","pricingModel":"PAID","icon":"static/icons/Plugin_icon.svg","id":18151,"isFree":false,"describe":"","tags":["Paid","Code Editing"],"licenseKey":"","crackstatus":""},{"code":"PMATERIALCUSTOM","name":"Material Theme UI Custom Theme","pricingModel":"PAID","icon":"https://plugins.jetbrains.com/files/19308/384272/icon/default.svg","id":19308,"isFree":false,"describe":"","tags":["Paid","User Interface"],"licenseKey":"","crackstatus":""},{"code":"POXYXSDJSONSCH","name":"XSD to JSON Schema","pricingModel":"FREEMIUM","icon":"https://plugins.jetbrains.com/files/19024/627712/icon/default.svg","id":19024,"isFree":false,"describe":"","tags":["Freemium","Code Tools","XML","Miscellaneous"],"licenseKey":"","crackstatus":""},{"code":"PYIIFRAMEWORK","name":"Yii2 Framework Support","pricingModel":"PAID","icon":"https://plugins.jetbrains.com/files/23693/820356/icon/default.svg","id":23693,"isFree":false,"describe":"","tags":["Paid","Code Tools","Framework","Code Editing","Completion","Code Quality","PHP"],"licenseKey":"","crackstatus":""},{"code":"PLANGUAGEPACKPT","name":"Portuguese Language Pack / Pacote De Idioma Português","pricingModel":"PAID","icon":"https://plugins.jetbrains.com/files/24542/827570/icon/default.svg","id":24542,"isFree":false,"describe":"","tags":["Paid","User Interface","Localization"],"licenseKey":"","crackstatus":""},{"code":"PLOG","name":".log","pricingModel":"PAID","icon":"https://plugins.jetbrains.com/files/25828/830234/icon/default.svg","id":25828,"isFree":false,"describe":"","tags":["Paid","Navigation","Viewer"],"licenseKey":"","crackstatus":""},{"code":"PLOCALSTACK","name":"LocalStack Toolkit","pricingModel":"PAID","icon":"https://plugins.jetbrains.com/files/22223/830035/icon/default.svg","id":22223,"isFree":false,"describe":"","tags":["Paid","User Interface","Tools Integration","Network","Web","Framework","Administration Tools","Cloud","Debugging","Productivity","Testing"],"licenseKey":"","crackstatus":""},{"code":"PFIREBASE","name":"Firebase Firestore","pricingModel":"PAID","icon":"https://plugins.jetbrains.com/files/23609/799483/icon/default.svg","id":23609,"isFree":false,"describe":"","tags":["Paid","Tools Integration","Database"],"licenseKey":"","crackstatus":""},{"code":"PEXTRAIDETWEAKS","name":"Extra IDE Tweaks","pricingModel":"PAID","icon":"https://plugins.jetbrains.com/files/23927/839297/icon/default.svg","id":23927,"isFree":false,"describe":"","tags":["Paid","User Interface","Fun Stuff","Miscellaneous"],"licenseKey":"","crackstatus":""},{"code":"PMATERIALFRAME","name":"Material Theme UI Project Frame","pricingModel":"PAID","icon":"https://plugins.jetbrains.com/files/19310/385745/icon/default.svg","id":19310,"isFree":false,"describe":"","tags":["Paid","User Interface"],"licenseKey":"","crackstatus":""},{"code":"PGERRYCHERRY","name":"Gerry Cherry","pricingModel":"PAID","icon":"https://plugins.jetbrains.com/files/20246/435417/icon/default.svg","id":20246,"isFree":false,"describe":"","tags":["Paid","Theme","User Interface"],"licenseKey":"","crackstatus":""},{"code":"PGERRYSPACE","name":"Gerry Space","pricingModel":"PAID","icon":"https://plugins.jetbrains.com/files/20075/435416/icon/default.svg","id":20075,"isFree":false,"describe":"","tags":["Paid","Theme","User Interface"],"licenseKey":"","crackstatus":""},{"code":"PDBSSH","name":"SSH Tool","pricingModel":"PAID","icon":"https://plugins.jetbrains.com/files/22713/768956/icon/default.svg","id":22713,"isFree":false,"describe":"","tags":["Paid","Tools Integration","Network"],"licenseKey":"","crackstatus":""},{"code":"PFEIGNHELPER","name":"Feign-Helper","pricingModel":"PAID","icon":"https://plugins.jetbrains.com/files/23146/728683/icon/default.svg","id":23146,"isFree":false,"describe":"","tags":["Paid","JEE","Web"],"licenseKey":"","crackstatus":""},{"code":"PGDOC","name":"Generate Document","pricingModel":"PAID","icon":"https://plugins.jetbrains.com/files/13086/659466/icon/default.svg","id":13086,"isFree":false,"describe":"","tags":["Paid","Code Tools"],"licenseKey":"","crackstatus":""},{"code":"PCHATGPTCODING","name":"CodeMate","pricingModel":"PAID","icon":"https://plugins.jetbrains.com/files/21314/682167/icon/default.svg","id":21314,"isFree":false,"describe":"","tags":["Paid","Code Tools","Fun Stuff","Formatting","Code Editing"],"licenseKey":"","crackstatus":""},{"code":"PEXTENSION","name":"Extensions Manager","pricingModel":"PAID","icon":"https://plugins.jetbrains.com/files/20238/308627/icon/default.svg","id":20238,"isFree":false,"describe":"","tags":["Paid","Tools Integration"],"licenseKey":"","crackstatus":""},{"code":"PRSMGNL","name":"Magnolia YAML Assistant","pricingModel":"FREEMIUM","icon":"https://plugins.jetbrains.com/files/17688/740597/icon/default.svg","id":17688,"isFree":false,"describe":"","tags":["Freemium","Code Tools","Web","Framework","Refactoring","Code Editing"],"licenseKey":"","crackstatus":""},{"code":"PBISJ","name":"Java Antidecompiler","pricingModel":"PAID","icon":"https://plugins.jetbrains.com/files/11560/367010/icon/default.svg","id":11560,"isFree":false,"describe":"","tags":["Paid","Code Tools","Security"],"licenseKey":"","crackstatus":""},{"code":"PDATABASE","name":"Database Helper","pricingModel":"PAID","icon":"https://plugins.jetbrains.com/files/16861/610054/icon/default.svg","id":16861,"isFree":false,"describe":"","tags":["Paid","Database"],"licenseKey":"","crackstatus":""},{"code":"PJMETERRUNNER","name":"JMeter Runner","pricingModel":"PAID","icon":"https://plugins.jetbrains.com/files/23855/836237/icon/default.svg","id":23855,"isFree":false,"describe":"","tags":["Paid","Tools Integration","Debugging"],"licenseKey":"","crackstatus":""},{"code":"PSMARTHUGO","name":"Smart Hugo","pricingModel":"FREEMIUM","icon":"https://plugins.jetbrains.com/files/23694/821572/icon/default.svg","id":23694,"isFree":false,"describe":"","tags":["Freemium","Inspection","Tools Integration","Editor","Web","Framework","Refactoring","Formatting","Code Editing","Completion","Code Quality"],"licenseKey":"","crackstatus":""},{"code":"PNOSQLNAVMDB","name":"NoSQL Navigator","pricingModel":"PAID","icon":"https://plugins.jetbrains.com/files/21833/727880/icon/default.svg","id":21833,"isFree":false,"describe":"","tags":["Paid","Tools Integration","Database"],"licenseKey":"","crackstatus":""},{"code":"PSENTRY","name":"Sentry","pricingModel":"PAID","icon":"https://plugins.jetbrains.com/files/22232/798840/icon/default.svg","id":22232,"isFree":false,"describe":"","tags":["Paid","Tools Integration","Productivity"],"licenseKey":"","crackstatus":""},{"code":"PMONGOEXPERT","name":"MongoExpert","pricingModel":"PAID","icon":"https://plugins.jetbrains.com/files/20761/775231/icon/default.svg","id":20761,"isFree":false,"describe":"","tags":["Paid","Tools Integration","Menu Components","Database","Administration Tools","Productivity","Data Science"],"licenseKey":"","crackstatus":""},{"code":"PLANGUAGEPACKDE","name":"Deutsch (German) Language Pack / Deutsches Sprachpaket","pricingModel":"PAID","icon":"https://plugins.jetbrains.com/files/24543/827567/icon/default.svg","id":24543,"isFree":false,"describe":"","tags":["Paid","User Interface","Localization"],"licenseKey":"","crackstatus":""},{"code":"PCIINTG","name":"CIclone","pricingModel":"PAID","icon":"https://plugins.jetbrains.com/files/19114/831415/icon/default.svg","id":19114,"isFree":false,"describe":"","tags":["Paid","Tools Integration","Maven","Productivity","Build","Testing"],"licenseKey":"","crackstatus":""},{"code":"PCDMQTTCLIENT","name":"MQTT Client","pricingModel":"PAID","icon":"https://plugins.jetbrains.com/files/17465/308433/icon/default.svg","id":17465,"isFree":false,"describe":"","tags":["Paid","User Interface","Web","Database","Android","Notification and Visualizers"],"licenseKey":"","crackstatus":""},{"code":"PXSDVISUALIZER","name":"XSD / WSDL Visualizer","pricingModel":"FREEMIUM","icon":"https://plugins.jetbrains.com/files/18425/814276/icon/default.svg","id":18425,"isFree":false,"describe":"","tags":["Freemium","Graphics","Editor","XML","Education","Viewer"],"licenseKey":"","crackstatus":""},{"code":"PJSONTOANYLANGU","name":"JsonToAnyLanguage","pricingModel":"FREEMIUM","icon":"https://plugins.jetbrains.com/files/19297/736576/icon/default.svg","id":19297,"isFree":false,"describe":"","tags":["Freemium","Code Tools","Completion"],"licenseKey":"","crackstatus":""},{"code":"PGERRYNATURE","name":"Gerry Nature","pricingModel":"PAID","icon":"https://plugins.jetbrains.com/files/20236/435419/icon/default.svg","id":20236,"isFree":false,"describe":"","tags":["Paid","Theme","User Interface"],"licenseKey":"","crackstatus":""},{"code":"PVSCODEICONS","name":"VSCode Icons","pricingModel":"PAID","icon":"https://plugins.jetbrains.com/files/24816/810800/icon/default.svg","id":24816,"isFree":false,"describe":"","tags":["Paid","User Interface"],"licenseKey":"","crackstatus":""},{"code":"PLANGUAGEPACKRU","name":"Russian Language Pack / Локализация IDE На Русский Язык","pricingModel":"PAID","icon":"https://plugins.jetbrains.com/files/24544/827565/icon/default.svg","id":24544,"isFree":false,"describe":"","tags":["Paid","User Interface","Localization"],"licenseKey":"","crackstatus":""},{"code":"PGERRYAURORA","name":"Gerry Aurora","pricingModel":"PAID","icon":"https://plugins.jetbrains.com/files/20319/435418/icon/default.svg","id":20319,"isFree":false,"describe":"","tags":["Paid","Theme","User Interface"],"licenseKey":"","crackstatus":""},{"code":"PEXTRATCILIF","name":"Extra ToolWindow Colorful Icons Lifetime","pricingModel":"PAID","icon":"https://plugins.jetbrains.com/files/26404/839309/icon/default.svg","id":26404,"isFree":false,"describe":"","tags":["Paid","User Interface","Fun Stuff"],"licenseKey":"","crackstatus":""},{"code":"PINTELLIPHP","name":"IntelliPHP - AI Autocomplete for PHP","pricingModel":"PAID","icon":"https://plugins.jetbrains.com/files/23859/606769/icon/default.svg","id":23859,"isFree":false,"describe":"","tags":["Paid","Productivity","PHP","Machine Learning"],"licenseKey":"","crackstatus":""},{"code":"PGERRYTHEMESLT","name":"Gerry Themes Pro (Lifetime)","pricingModel":"PAID","icon":"https://plugins.jetbrains.com/files/26472/832491/icon/default.svg","id":26472,"isFree":false,"describe":"","tags":["Paid","Theme","User Interface"],"licenseKey":"","crackstatus":""},{"code":"PSCREENCODEPRO","name":"ScreenCodePro","pricingModel":"PAID","icon":"https://plugins.jetbrains.com/files/19556/198086/icon/default.svg","id":19556,"isFree":false,"describe":"","tags":["Paid","User Interface","Fun Stuff","Editor","Viewer"],"licenseKey":"","crackstatus":""},{"code":"PSEQDIAORG","name":"SequenceDiagram.org","pricingModel":"PAID","icon":"https://plugins.jetbrains.com/files/23115/830548/icon/default.svg","id":23115,"isFree":false,"describe":"","tags":["Paid","Modeling and CASE tools"],"licenseKey":"","crackstatus":""},{"code":"PSMARTINPUT","name":"Smart Input Pro (Japan, South Korea, Russia \u0026 more)","pricingModel":"FREEMIUM","icon":"https://plugins.jetbrains.com/files/25751/682487/icon/default.svg","id":25751,"isFree":false,"describe":"","tags":["Freemium","Code Tools","Tools Integration"],"licenseKey":"","crackstatus":""},{"code":"PLEDGER","name":"LedgerPlugin","pricingModel":"PAID","icon":"https://plugins.jetbrains.com/files/15405/755370/icon/default.svg","id":15405,"isFree":false,"describe":"","tags":["Paid","Fun Stuff","Tools Integration","Editor","Framework","Formatting","Miscellaneous","Localization"],"licenseKey":"","crackstatus":""},{"code":"PJENKINSFPRO","name":"Jenkinsfile Pro","pricingModel":"PAID","icon":"https://plugins.jetbrains.com/files/26583/837470/icon/default.svg","id":26583,"isFree":false,"describe":"","tags":["Paid","Editor","Formatting","Code Editing","Editor Color Schemes","Completion"],"licenseKey":"","crackstatus":""},{"code":"PJQEXPRESS","name":"jqExpress","pricingModel":"PAID","icon":"https://plugins.jetbrains.com/files/23360/708940/icon/default.svg","id":23360,"isFree":false,"describe":"","tags":["Paid","Code Tools","Tools Integration"],"licenseKey":"","crackstatus":""},{"code":"PJSONBROWSER","name":"JSON Browser","pricingModel":"PAID","icon":"https://plugins.jetbrains.com/files/20013/610491/icon/default.svg","id":20013,"isFree":false,"describe":"","tags":["Paid","Code Tools","Editor","Formatting","Code Editing","Viewer"],"licenseKey":"","crackstatus":""},{"code":"PSMARTTOMCATPRO","name":"Smart Tomcat Pro","pricingModel":"FREEMIUM","icon":"https://plugins.jetbrains.com/files/24555/620387/icon/default.svg","id":24555,"isFree":false,"describe":"","tags":["Freemium","Tools Integration","JEE","Web","Debugging"],"licenseKey":"","crackstatus":""},{"code":"PMATERIALEXTRAS","name":"Material Theme UI Extras","pricingModel":"PAID","icon":"https://plugins.jetbrains.com/files/19250/384271/icon/default.svg","id":19250,"isFree":false,"describe":"","tags":["Paid","User Interface"],"licenseKey":"","crackstatus":""},{"code":"PMYBATISLOGULTR","name":"Mybatis Log Ultra","pricingModel":"PAID","icon":"https://plugins.jetbrains.com/files/26550/835253/icon/default.svg","id":26550,"isFree":false,"describe":"","tags":["Paid","Code Tools","JEE","Database"],"licenseKey":"","crackstatus":""},{"code":"PGERRYCOFFEE","name":"Gerry Coffee","pricingModel":"PAID","icon":"https://plugins.jetbrains.com/files/20247/435420/icon/default.svg","id":20247,"isFree":false,"describe":"","tags":["Paid","Theme","User Interface"],"licenseKey":"","crackstatus":""},{"code":"PAWESOMELOGVIEW","name":"Awesome Log Viewer","pricingModel":"FREEMIUM","icon":"https://plugins.jetbrains.com/files/27750/798835/icon/default.svg","id":27750,"isFree":false,"describe":"","tags":["Freemium"],"licenseKey":"","crackstatus":""},{"code":"PTLDRAI","name":"TLDR","pricingModel":"FREEMIUM","icon":"https://plugins.jetbrains.com/files/20050/394140/icon/default.svg","id":20050,"isFree":false,"describe":"","tags":["Freemium","Code Editing","Debugging"],"licenseKey":"","crackstatus":""},{"code":"PMAVENSEARCHER","name":"MavenSearcher","pricingModel":"PAID","icon":"https://plugins.jetbrains.com/files/24111/678940/icon/default.svg","id":24111,"isFree":false,"describe":"","tags":["Paid","Maven","Productivity","Build"],"licenseKey":"","crackstatus":""},{"code":"PSNAPSHOTSFORAI","name":"Snapshots for AI","pricingModel":"PAID","icon":"static/icons/Plugin_icon.svg","id":24889,"isFree":false,"describe":"","tags":["Paid","Code Tools","Tools Integration","Editor","Plugin Development","TeamWork","Refactoring","Formatting","Code Editing","Administration Tools","Miscellaneous","Debugging","Code Quality","Productivity","Machine Learning","Internet of Things"],"licenseKey":"","crackstatus":""},{"code":"PLANGUAGEPACKPL","name":"Polish Language Pack / Lokalizacja IDE Na Język Polski","pricingModel":"PAID","icon":"https://plugins.jetbrains.com/files/25812/827856/icon/default.svg","id":25812,"isFree":false,"describe":"","tags":["Paid","User Interface","Localization"],"licenseKey":"","crackstatus":""},{"code":"PCDAPIRUNNER","name":"API Runner","pricingModel":"PAID","icon":"https://plugins.jetbrains.com/files/18357/269544/icon/default.svg","id":18357,"isFree":false,"describe":"","tags":["Paid","User Interface","Code Tools","Tools Integration","Administration Tools","Debugging","Testing"],"licenseKey":"","crackstatus":""},{"code":"PHTMXPRO","name":"HTMX Pro","pricingModel":"PAID","icon":"https://plugins.jetbrains.com/files/24844/813224/icon/default.svg","id":24844,"isFree":false,"describe":"","tags":["Paid","Inspection","Code Tools","Framework","Completion"],"licenseKey":"","crackstatus":""},{"code":"PJMETERPLUGINSM","name":"JMeter Manager","pricingModel":"PAID","icon":"https://plugins.jetbrains.com/files/23812/836255/icon/default.svg","id":23812,"isFree":false,"describe":"","tags":["Paid","User Interface","Tools Integration","Notification and Visualizers","Testing"],"licenseKey":"","crackstatus":""},{"code":"PDJANGOPOWERTOO","name":"Django PowerTools","pricingModel":"FREEMIUM","icon":"https://plugins.jetbrains.com/files/27023/840367/icon/default.svg","id":27023,"isFree":false,"describe":"","tags":["Freemium","Navigation","Productivity"],"licenseKey":"","crackstatus":""},{"code":"PVERILOGLANGUAG","name":"Verilog Language Support","pricingModel":"PAID","icon":"https://plugins.jetbrains.com/files/21813/666097/icon/default.svg","id":21813,"isFree":false,"describe":"","tags":["Paid","Programming Language"],"licenseKey":"","crackstatus":""},{"code":"PLATTEPRO","name":"Latte Pro","pricingModel":"PAID","icon":"https://plugins.jetbrains.com/files/19661/824561/icon/default.svg","id":19661,"isFree":false,"describe":"","tags":["Paid","Inspection","Code Tools","Programming Language","Code Editing","Completion","Productivity","PHP"],"licenseKey":"","crackstatus":""},{"code":"PQUERYFLAG","name":"QueryFlag","pricingModel":"PAID","icon":"https://plugins.jetbrains.com/files/18269/830581/icon/default.svg","id":18269,"isFree":false,"describe":"","tags":["Paid","Database"],"licenseKey":"","crackstatus":""},{"code":"PDRYPUSH","name":"DryPush: AWS | GCP | Alibaba Deploy \u0026 Upload","pricingModel":"PAID","icon":"https://plugins.jetbrains.com/files/22884/825976/icon/default.svg","id":22884,"isFree":false,"describe":"","tags":["Paid","User Interface","Tools Integration","JEE","Menu Components","Web","Remote APIs","Administration Tools","Cloud","Miscellaneous","Debugging","Productivity","Build","Android Studio"],"licenseKey":"","crackstatus":""},{"code":"PLOCALIZATIONES","name":"Spanish Language Pack – Español","pricingModel":"PAID","icon":"https://plugins.jetbrains.com/files/26581/799494/icon/default.svg","id":26581,"isFree":false,"describe":"","tags":["Paid","Localization"],"licenseKey":"","crackstatus":""},{"code":"PONEGAICOPILOT","name":"Onegai Copilot","pricingModel":"FREEMIUM","icon":"https://plugins.jetbrains.com/files/21410/725872/icon/default.svg","id":21410,"isFree":false,"describe":"","tags":["Freemium","Code Tools","Formatting","Code Editing","Completion","Code Quality","Machine Learning"],"licenseKey":"","crackstatus":""},{"code":"PLOCALIZATIONPT","name":"Portuguese Language Pack – Português","pricingModel":"PAID","icon":"https://plugins.jetbrains.com/files/26724/799495/icon/default.svg","id":26724,"isFree":false,"describe":"","tags":["Paid","Localization"],"licenseKey":"","crackstatus":""},{"code":"PCOMPOSEPREVIEW","name":"Compose Preview Generator","pricingModel":"FREEMIUM","icon":"https://plugins.jetbrains.com/files/25716/672162/icon/default.svg","id":25716,"isFree":false,"describe":"","tags":["Freemium","Code Tools","Code Editing","Android","Completion","Productivity","Android Studio"],"licenseKey":"","crackstatus":""},{"code":"PWXUQRYTOXCRSEO","name":"RustTool","pricingModel":"PAID","icon":"https://plugins.jetbrains.com/files/22428/634725/icon/default.svg","id":22428,"isFree":false,"describe":"","tags":["Paid","Code Tools","Web","Database"],"licenseKey":"","crackstatus":""},{"code":"PYAMLHELPER","name":"YamlHelper","pricingModel":"FREEMIUM","icon":"https://plugins.jetbrains.com/files/26760/745764/icon/default.svg","id":26760,"isFree":false,"describe":"","tags":["Freemium","Code Tools"],"licenseKey":"","crackstatus":""},{"code":"PWAUFKYVHQCRXEO","name":"IoGame","pricingModel":"PAID","icon":"https://plugins.jetbrains.com/files/20526/468605/icon/default.svg","id":20526,"isFree":false,"describe":"","tags":["Paid","Tools Integration"],"licenseKey":"","crackstatus":""},{"code":"PLOCALESPHERE","name":"Locale Sphere","pricingModel":"FREEMIUM","icon":"https://plugins.jetbrains.com/files/24979/819618/icon/default.svg","id":24979,"isFree":false,"describe":"","tags":["Freemium","Code Tools","Localization"],"licenseKey":"","crackstatus":""},{"code":"PLANGUAGEPACKFR","name":"French Language Pack / Pack De Langue Français","pricingModel":"PAID","icon":"https://plugins.jetbrains.com/files/24539/827569/icon/default.svg","id":24539,"isFree":false,"describe":"","tags":["Paid","User Interface","Localization"],"licenseKey":"","crackstatus":""},{"code":"PBUILDMON","name":"Build Monitor","pricingModel":"FREEMIUM","icon":"https://plugins.jetbrains.com/files/20985/452340/icon/default.svg","id":20985,"isFree":false,"describe":"","tags":["Freemium","Tools Integration","Remote APIs","Productivity","Build","Notification and Visualizers"],"licenseKey":"","crackstatus":""},{"code":"PFLINKSQLHELPER","name":"Flink SQL Helper","pricingModel":"PAID","icon":"https://plugins.jetbrains.com/files/25912/805250/icon/default.svg","id":25912,"isFree":false,"describe":"","tags":["Paid","Code Tools","Editor","Formatting","Code Editing","Completion"],"licenseKey":"","crackstatus":""},{"code":"PCSVCOLORPRO","name":"CSV Color Pro","pricingModel":"PAID","icon":"https://plugins.jetbrains.com/files/26716/734336/icon/default.svg","id":26716,"isFree":false,"describe":"","tags":["Paid","Code Tools","Code Editing","Editor Color Schemes","Productivity","Data Science"],"licenseKey":"","crackstatus":""},{"code":"PPYTHONBYTECODE","name":"Python Bytecode","pricingModel":"FREEMIUM","icon":"https://plugins.jetbrains.com/files/15640/812825/icon/default.svg","id":15640,"isFree":false,"describe":"","tags":["Freemium","Code Tools"],"licenseKey":"","crackstatus":""},{"code":"PHPBUILDER","name":"PHP Data Object Generator","pricingModel":"FREEMIUM","icon":"https://plugins.jetbrains.com/files/17440/458368/icon/default.svg","id":17440,"isFree":false,"describe":"","tags":["Freemium","Code Tools"],"licenseKey":"","crackstatus":""},{"code":"PLANGUAGEPACKIT","name":"Italian Language Pack / Pacchetto Lingua Italiano","pricingModel":"PAID","icon":"https://plugins.jetbrains.com/files/24494/827562/icon/default.svg","id":24494,"isFree":false,"describe":"","tags":["Paid","User Interface","Localization"],"licenseKey":"","crackstatus":""},{"code":"PFUZYFIPC","name":"Find In Files (Favorites)","pricingModel":"PAID","icon":"https://plugins.jetbrains.com/files/16217/718470/icon/default.svg","id":16217,"isFree":false,"describe":"","tags":["Paid","Search and Replace"],"licenseKey":"","crackstatus":""},{"code":"PRANCHER","name":"Rancher","pricingModel":"PAID","icon":"https://plugins.jetbrains.com/files/19316/656524/icon/default.svg","id":19316,"isFree":false,"describe":"","tags":["Paid","Tools Integration","Cloud"],"licenseKey":"","crackstatus":""},{"code":"POXYJSONCONVERT","name":"JSON-YAML-XML Converter","pricingModel":"PAID","icon":"https://plugins.jetbrains.com/files/20297/629842/icon/default.svg","id":20297,"isFree":false,"describe":"","tags":["Paid","Code Tools","XML","Menu Components","Web","JavaScript","Miscellaneous"],"licenseKey":"","crackstatus":""},{"code":"POXYJSONSCHGEN","name":"JSON Schema Generator","pricingModel":"PAID","icon":"https://plugins.jetbrains.com/files/22597/627717/icon/default.svg","id":22597,"isFree":false,"describe":"","tags":["Paid","Code Tools","JavaScript","Productivity"],"licenseKey":"","crackstatus":""},{"code":"PSOURCESYNCPRO","name":"Source Synchronizer Pro","pricingModel":"PAID","icon":"https://plugins.jetbrains.com/files/22318/503948/icon/default.svg","id":22318,"isFree":false,"describe":"","tags":["Paid","Code Tools","Tools Integration","Administration Tools","Cloud","Productivity","Build"],"licenseKey":"","crackstatus":""},{"code":"PWIREMOCHA","name":"WireMocha","pricingModel":"PAID","icon":"https://plugins.jetbrains.com/files/18860/808190/icon/default.svg","id":18860,"isFree":false,"describe":"","tags":["Paid","Tools Integration","Framework","Code Editing","Testing"],"licenseKey":"","crackstatus":""},{"code":"PTIMETRACKERX","name":"TimeTracker X","pricingModel":"PAID","icon":"https://plugins.jetbrains.com/files/26761/817218/icon/default.svg","id":26761,"isFree":false,"describe":"","tags":["Paid","Time Management"],"licenseKey":"","crackstatus":""},{"code":"PLANGUAGEPACKTR","name":"Turkish Language Pack / IDE'nin Türkçe'ye Yerelleştirilmesi","pricingModel":"PAID","icon":"https://plugins.jetbrains.com/files/25813/827855/icon/default.svg","id":25813,"isFree":false,"describe":"","tags":["Paid","User Interface","Localization"],"licenseKey":"","crackstatus":""},{"code":"PMICRONAUTLAUNC","name":"Micronaut Launch","pricingModel":"PAID","icon":"https://plugins.jetbrains.com/files/23687/478379/icon/default.svg","id":23687,"isFree":false,"describe":"","tags":["Paid","Framework"],"licenseKey":"","crackstatus":""},{"code":"PAAAA","name":"Combine and Copy Files to Clipboard For AI and LLM","pricingModel":"PAID","icon":"https://plugins.jetbrains.com/files/24753/732214/icon/default.svg","id":24753,"isFree":false,"describe":"","tags":["Paid","Code Tools"],"licenseKey":"","crackstatus":""},{"code":"PAZURECODING","name":"Azure Coding","pricingModel":"PAID","icon":"https://plugins.jetbrains.com/files/22194/355932/icon/default.svg","id":22194,"isFree":false,"describe":"","tags":["Paid","Fun Stuff","Editor","Code Editing"],"licenseKey":"","crackstatus":""},{"code":"PVCS","name":"commit-template","pricingModel":"PAID","icon":"https://plugins.jetbrains.com/files/14104/250600/icon/default.svg","id":14104,"isFree":false,"describe":"","tags":["Paid","VCS"],"licenseKey":"","crackstatus":""},{"code":"PSQLFLUFFLINTER","name":"Sqlfluff Linter (Ultimate Edition)","pricingModel":"PAID","icon":"https://plugins.jetbrains.com/files/20534/837479/icon/default.svg","id":20534,"isFree":false,"describe":"","tags":["Paid","Tools Integration","Database","Refactoring"],"licenseKey":"","crackstatus":""},{"code":"PSPARKSQLHELPER","name":"Spark SQL Helper","pricingModel":"PAID","icon":"https://plugins.jetbrains.com/files/26079/788781/icon/default.svg","id":26079,"isFree":false,"describe":"","tags":["Paid","Code Tools","Editor","Formatting","Code Editing","Completion"],"licenseKey":"","crackstatus":""},{"code":"POZMAVENPLUGINX","name":"Maven Plug-in Extensions","pricingModel":"FREEMIUM","icon":"https://plugins.jetbrains.com/files/26139/829565/icon/default.svg","id":26139,"isFree":false,"describe":"","tags":["Freemium","Maven"],"licenseKey":"","crackstatus":""},{"code":"PGITHUBACTIONSH","name":"GitHub Actions Helper","pricingModel":"FREEMIUM","icon":"static/icons/Plugin_icon.svg","id":26998,"isFree":false,"describe":"","tags":["Freemium","Code Tools","Editor","Productivity"],"licenseKey":"","crackstatus":""},{"code":"PASTOCK","name":"AStock","pricingModel":"PAID","icon":"https://plugins.jetbrains.com/files/17699/792886/icon/default.svg","id":17699,"isFree":false,"describe":"","tags":["Paid","Tools Integration","Miscellaneous","Viewer"],"licenseKey":"","crackstatus":""},{"code":"PCODEQL","name":"CodeQL","pricingModel":"PAID","icon":"https://plugins.jetbrains.com/files/24958/837489/icon/default.svg","id":24958,"isFree":false,"describe":"","tags":["Paid","Editor","Code Editing","Editor Color Schemes"],"licenseKey":"","crackstatus":""},{"code":"PSEQUENCEOUTLIN","name":"SequenceOutline","pricingModel":"PAID","icon":"https://plugins.jetbrains.com/files/19727/760814/icon/default.svg","id":19727,"isFree":false,"describe":"","tags":["Paid","Code Tools"],"licenseKey":"","crackstatus":""},{"code":"PGPTASSISTANT","name":"GPT Assistant","pricingModel":"PAID","icon":"https://plugins.jetbrains.com/files/22035/828459/icon/default.svg","id":22035,"isFree":false,"describe":"","tags":["Paid","Code Tools","Productivity","Machine Learning"],"licenseKey":"","crackstatus":""},{"code":"PBASEFILE","name":"Base64 File","pricingModel":"PAID","icon":"https://plugins.jetbrains.com/files/25896/690603/icon/default.svg","id":25896,"isFree":false,"describe":"","tags":["Paid","Editor","Code Editing","Productivity"],"licenseKey":"","crackstatus":""},{"code":"PKUBERNETESCONT","name":"Kubernetes Control Center","pricingModel":"FREEMIUM","icon":"https://plugins.jetbrains.com/files/27659/824540/icon/default.svg","id":27659,"isFree":false,"describe":"","tags":["Freemium","Tools Integration","Administration Tools","Cloud"],"licenseKey":"","crackstatus":""},{"code":"POWASPIDEVULSCA","name":"OWASP IDE-VulScanner","pricingModel":"FREEMIUM","icon":"https://plugins.jetbrains.com/files/21353/584074/icon/default.svg","id":21353,"isFree":false,"describe":"","tags":["Freemium","Security","Maven","Code Quality"],"licenseKey":"","crackstatus":""},{"code":"PIREPORTSIX","name":"IReport 6","pricingModel":"PAID","icon":"https://plugins.jetbrains.com/files/26785/837494/icon/default.svg","id":26785,"isFree":false,"describe":"","tags":["Paid","Graphics","Editor","Code Editing","Completion"],"licenseKey":"","crackstatus":""},{"code":"PSEQUENCEJS","name":"SequenceDiagram JS","pricingModel":"PAID","icon":"https://plugins.jetbrains.com/files/24973/819279/icon/default.svg","id":24973,"isFree":false,"describe":"","tags":["Paid","Modeling and CASE tools"],"licenseKey":"","crackstatus":""},{"code":"PSPARQL","name":"SPARQL","pricingModel":"PAID","icon":"https://plugins.jetbrains.com/files/14338/165810/icon/default.svg","id":14338,"isFree":false,"describe":"","tags":["Paid","Programming Language"],"licenseKey":"","crackstatus":""},{"code":"PCONNECTUI","name":"Connect Api","pricingModel":"FREEMIUM","icon":"https://plugins.jetbrains.com/files/20293/452254/icon/default.svg","id":20293,"isFree":false,"describe":"","tags":["Freemium","Tools Integration","Remote APIs"],"licenseKey":"","crackstatus":""},{"code":"PSCIPIOMGNL","name":"Magnolia CMS Integration","pricingModel":"PAID","icon":"https://plugins.jetbrains.com/files/23556/765428/icon/default.svg","id":23556,"isFree":false,"describe":"","tags":["Paid","Code Tools","Tools Integration","Framework","Code Editing","Completion","Productivity"],"licenseKey":"","crackstatus":""},{"code":"PKUOYGHHDS","name":"SSHMatrix","pricingModel":"PAID","icon":"static/icons/Plugin_icon.svg","id":24625,"isFree":false,"describe":"","tags":["Paid","Tools Integration","Network","TeamWork","Folder","Administration Tools"],"licenseKey":"","crackstatus":""},{"code":"PWXUFQYRHZCRSEO","name":"Gorm","pricingModel":"PAID","icon":"https://plugins.jetbrains.com/files/20411/718305/icon/default.svg","id":20411,"isFree":false,"describe":"","tags":["Paid","Code Tools","Web","Database"],"licenseKey":"","crackstatus":""},{"code":"PSOTERISECURITY","name":"Soteri Secret Scanner","pricingModel":"PAID","icon":"https://plugins.jetbrains.com/files/23743/587653/icon/default.svg","id":23743,"isFree":false,"describe":"","tags":["Paid","Inspection","Code Tools","Security","Code Quality"],"licenseKey":"","crackstatus":""},{"code":"POXYJSONDIAGRAM","name":"JSON Schema Visualizer/Editor","pricingModel":"PAID","icon":"https://plugins.jetbrains.com/files/23554/629335/icon/default.svg","id":23554,"isFree":false,"describe":"","tags":["Paid","Code Tools","Editor","Modeling and CASE tools","Code Editing","Miscellaneous","Notification and Visualizers","Viewer"],"licenseKey":"","crackstatus":""},{"code":"PFASTSHELL","name":"FastShell","pricingModel":"FREEMIUM","icon":"https://plugins.jetbrains.com/files/18971/200999/icon/default.svg","id":18971,"isFree":false,"describe":"","tags":["Freemium","Code Tools","Fun Stuff","Tools Integration"],"licenseKey":"","crackstatus":""},{"code":"PJTRACKER","name":"JTracker: MyBatis Log \u0026 JPA Log","pricingModel":"FREEMIUM","icon":"https://plugins.jetbrains.com/files/24694/567175/icon/default.svg","id":24694,"isFree":false,"describe":"","tags":["Freemium","Code Tools","JEE","Framework"],"licenseKey":"","crackstatus":""},{"code":"PLOCALIZATIONDE","name":"German Language Pack – Deutsch","pricingModel":"PAID","icon":"https://plugins.jetbrains.com/files/26792/799492/icon/default.svg","id":26792,"isFree":false,"describe":"","tags":["Paid","Localization"],"licenseKey":"","crackstatus":""},{"code":"POPENAPIGUIEDIT","name":"OpenAPI GUI Editor","pricingModel":"PAID","icon":"https://plugins.jetbrains.com/files/27118/827033/icon/default.svg","id":27118,"isFree":false,"describe":"","tags":["Paid","Code Tools","Editor","GUI Builder","Code Editing","Remote APIs"],"licenseKey":"","crackstatus":""},{"code":"PEDITORASSISTFO","name":"Editor Assist For Code","pricingModel":"PAID","icon":"https://plugins.jetbrains.com/files/24396/714329/icon/default.svg","id":24396,"isFree":false,"describe":"","tags":["Paid","Code Tools","Editor","Programming Language","Formatting","Navigation","Code Editing","Productivity"],"licenseKey":"","crackstatus":""},{"code":"PSTRKER","name":"Stryker","pricingModel":"FREEMIUM","icon":"https://plugins.jetbrains.com/files/14482/134911/icon/default.svg","id":14482,"isFree":false,"describe":"","tags":["Freemium","Testing"],"licenseKey":"","crackstatus":""},{"code":"PRUSTX","name":"RustX","pricingModel":"PAID","icon":"https://plugins.jetbrains.com/files/24142/832823/icon/default.svg","id":24142,"isFree":false,"describe":"","tags":["Paid","Code Tools"],"licenseKey":"","crackstatus":""},{"code":"PSEQUENCEPYTHON","name":"SequenceDiagram Python","pricingModel":"PAID","icon":"https://plugins.jetbrains.com/files/25978/819298/icon/default.svg","id":25978,"isFree":false,"describe":"","tags":["Paid","Modeling and CASE tools"],"licenseKey":"","crackstatus":""},{"code":"PHTMXPROLIFETIM","name":"HTMX Pro (Lifetime)","pricingModel":"PAID","icon":"https://plugins.jetbrains.com/files/26436/813226/icon/default.svg","id":26436,"isFree":false,"describe":"","tags":["Paid","Inspection","Code Tools","Framework","Completion"],"licenseKey":"","crackstatus":""},{"code":"PSQLDEBUGGER","name":"SQLDebugger","pricingModel":"PAID","icon":"static/icons/Plugin_icon.svg","id":24205,"isFree":false,"describe":"","tags":["Paid","Database","Refactoring","Administration Tools","Debugging"],"licenseKey":"","crackstatus":""},{"code":"PLIQUIDHERO","name":"Liquid Hero","pricingModel":"PAID","icon":"https://plugins.jetbrains.com/files/27826/834284/icon/default.svg","id":27826,"isFree":false,"describe":"","tags":["Paid","Programming Language"],"licenseKey":"","crackstatus":""},{"code":"PKAFKAIDE","name":"Kafkaide","pricingModel":"PAID","icon":"https://plugins.jetbrains.com/files/20111/425515/icon/default.svg","id":20111,"isFree":false,"describe":"","tags":["Paid","GUI Builder"],"licenseKey":"","crackstatus":""},{"code":"PRETROFITASSIT","name":"Retrofit Assistant","pricingModel":"PAID","icon":"https://plugins.jetbrains.com/files/22726/514538/icon/default.svg","id":22726,"isFree":false,"describe":"","tags":["Paid","Inspection","Code Tools","Framework","Android","Completion"],"licenseKey":"","crackstatus":""},{"code":"PLOCALIZATIONFR","name":"French Language Pack – Français","pricingModel":"PAID","icon":"https://plugins.jetbrains.com/files/26734/799493/icon/default.svg","id":26734,"isFree":false,"describe":"","tags":["Paid","Localization"],"licenseKey":"","crackstatus":""},{"code":"PQMLEDITOR","name":"QmlEditor","pricingModel":"PAID","icon":"https://plugins.jetbrains.com/files/14434/314029/icon/default.svg","id":14434,"isFree":false,"describe":"","tags":["Paid","Framework"],"licenseKey":"","crackstatus":""},{"code":"PCODEPIPELINE","name":"AWS CodePipeline Dashboard - Execute \u0026 Monitor Pipelines","pricingModel":"PAID","icon":"https://plugins.jetbrains.com/files/26223/822366/icon/default.svg","id":26223,"isFree":false,"describe":"","tags":["Paid","Tools Integration","Administration Tools","VCS","Build","Notification and Visualizers"],"licenseKey":"","crackstatus":""},{"code":"PMANAGEPROJECTS","name":"Manage Projects","pricingModel":"PAID","icon":"static/icons/Plugin_icon.svg","id":25250,"isFree":false,"describe":"","tags":["Paid","Navigation","Administration Tools"],"licenseKey":"","crackstatus":""},{"code":"PSERVERLESSIN","name":"Serverless Insight","pricingModel":"PAID","icon":"https://plugins.jetbrains.com/files/28063/840020/icon/default.svg","id":28063,"isFree":false,"describe":"","tags":["Paid","Code Tools","Editor","Code Editing","Editor Color Schemes"],"licenseKey":"","crackstatus":""},{"code":"PSEQUENCEGO","name":"SequenceDiagram Go","pricingModel":"PAID","icon":"https://plugins.jetbrains.com/files/25623/819314/icon/default.svg","id":25623,"isFree":false,"describe":"","tags":["Paid","Modeling and CASE tools"],"licenseKey":"","crackstatus":""},{"code":"PBUGGREGATOR","name":"Buggregator","pricingModel":"FREEMIUM","icon":"https://plugins.jetbrains.com/files/26344/705138/icon/default.svg","id":26344,"isFree":false,"describe":"","tags":["Freemium","Inspection","User Interface","Code Tools","Fun Stuff","Tools Integration","Editor","Plugin Development","Reporting","Web","Framework","Programming Language","Formatting","Navigation","Code Editing","Administration Tools","Debugging","Code Quality","Static Analysis","PHP","Time Management","Testing","Viewer"],"licenseKey":"","crackstatus":""},{"code":"PSCHEMAREGVIEW","name":"Schema Registry Viewer","pricingModel":"PAID","icon":"https://plugins.jetbrains.com/files/22748/496140/icon/default.svg","id":22748,"isFree":false,"describe":"","tags":["Paid","Database","Administration Tools","Viewer"],"licenseKey":"","crackstatus":""},{"code":"PSPEECHTOTEXT","name":"Speech-To-Text (AWS Transcribe)","pricingModel":"PAID","icon":"https://plugins.jetbrains.com/files/22635/388024/icon/default.svg","id":22635,"isFree":false,"describe":"","tags":["Paid","Fun Stuff","Code Editing","Miscellaneous"],"licenseKey":"","crackstatus":""},{"code":"PCITRIC","name":"Citric","pricingModel":"PAID","icon":"https://plugins.jetbrains.com/files/22813/831694/icon/default.svg","id":22813,"isFree":false,"describe":"","tags":["Paid","Tools Integration","Framework","Code Editing","Testing"],"licenseKey":"","crackstatus":""},{"code":"PLANGUAGEPACKCS","name":"Czech Language Pack / Lokalizace IDE Do Češtiny","pricingModel":"PAID","icon":"https://plugins.jetbrains.com/files/25811/827859/icon/default.svg","id":25811,"isFree":false,"describe":"","tags":["Paid","User Interface","Localization"],"licenseKey":"","crackstatus":""},{"code":"PWXUQQYVOXCRSEO","name":"JavaKit","pricingModel":"PAID","icon":"https://plugins.jetbrains.com/files/20888/728277/icon/default.svg","id":20888,"isFree":false,"describe":"","tags":["Paid","Code Tools","JEE","Web"],"licenseKey":"","crackstatus":""},{"code":"PCAMUNDASTARTER","name":"Camunda Starter","pricingModel":"PAID","icon":"https://plugins.jetbrains.com/files/24568/551328/icon/default.svg","id":24568,"isFree":false,"describe":"","tags":["Paid","Framework","Miscellaneous"],"licenseKey":"","crackstatus":""},{"code":"PGITLABEVAREDIT","name":"GitLab Environment Variables Manager","pricingModel":"PAID","icon":"https://plugins.jetbrains.com/files/26717/691909/icon/default.svg","id":26717,"isFree":false,"describe":"","tags":["Paid","User Interface","Code Tools","Remote APIs","Administration Tools"],"licenseKey":"","crackstatus":""},{"code":"PDAOGENERATOR","name":"DaoGenerator","pricingModel":"PAID","icon":"static/icons/Plugin_icon.svg","id":24593,"isFree":false,"describe":"","tags":["Paid","Code Tools","Database","Refactoring","Formatting"],"licenseKey":"","crackstatus":""},{"code":"PANNOTE","name":"AnNote","pricingModel":"PAID","icon":"https://plugins.jetbrains.com/files/26478/698814/icon/default.svg","id":26478,"isFree":false,"describe":"","tags":["Paid","Code Tools","Productivity"],"licenseKey":"","crackstatus":""},{"code":"PWGCODECREATOR","name":"codeCreator","pricingModel":"FREEMIUM","icon":"static/icons/Plugin_icon.svg","id":19097,"isFree":false,"describe":"","tags":["Freemium","Code Tools","Productivity"],"licenseKey":"","crackstatus":""},{"code":"PJEKADEV","name":"JeKa","pricingModel":"FREEMIUM","icon":"https://plugins.jetbrains.com/files/24505/796447/icon/default.svg","id":24505,"isFree":false,"describe":"","tags":["Freemium","Tools Integration","Maven","Build"],"licenseKey":"","crackstatus":""},{"code":"PSEQUENCECPP","name":"SequenceDiagram C/C++","pricingModel":"PAID","icon":"https://plugins.jetbrains.com/files/25807/827042/icon/default.svg","id":25807,"isFree":false,"describe":"","tags":["Paid","Modeling and CASE tools"],"licenseKey":"","crackstatus":""},{"code":"PPLUGDEVKITM","name":"IDE Plug DevKit Maven","pricingModel":"PAID","icon":"static/icons/Plugin_icon.svg","id":24053,"isFree":false,"describe":"","tags":["Paid","Plugin Development","Maven"],"licenseKey":"","crackstatus":""},{"code":"PPANDEVJIRAAUTO","name":"PanDev Jira Auto Worklog","pricingModel":"PAID","icon":"https://plugins.jetbrains.com/files/27222/757078/icon/default.svg","id":27222,"isFree":false,"describe":"","tags":["Paid","Tools Integration","TeamWork","Issue Trackers","Productivity","Time Management"],"licenseKey":"","crackstatus":""},{"code":"PLANGUAGEPACKHU","name":"Hungarian Language Pack / Magyar Nyelvi Csomag","pricingModel":"PAID","icon":"https://plugins.jetbrains.com/files/25814/827857/icon/default.svg","id":25814,"isFree":false,"describe":"","tags":["Paid","User Interface","Localization"],"licenseKey":"","crackstatus":""},{"code":"PSEQUENCERUST","name":"SequenceDiagram Rust","pricingModel":"PAID","icon":"https://plugins.jetbrains.com/files/25376/819321/icon/default.svg","id":25376,"isFree":false,"describe":"","tags":["Paid","Modeling and CASE tools"],"licenseKey":"","crackstatus":""},{"code":"PJENKINSLINTER","name":"Jenkinsfile Linter Offline","pricingModel":"PAID","icon":"https://plugins.jetbrains.com/files/26405/837497/icon/default.svg","id":26405,"isFree":false,"describe":"","tags":["Paid","Code Tools","Code Quality"],"licenseKey":"","crackstatus":""},{"code":"PYIISOFTFRAMEWO","name":"Yiisoft Framework","pricingModel":"FREEMIUM","icon":"https://plugins.jetbrains.com/files/25388/705140/icon/default.svg","id":25388,"isFree":false,"describe":"","tags":["Freemium","Inspection","Code Tools","Web","Framework","Profiling","Refactoring","Formatting","Code Editing","Completion","Spellcheck","Productivity","PHP","Viewer"],"licenseKey":"","crackstatus":""},{"code":"PALLICONSPACK","name":"All Icons Pack","pricingModel":"PAID","icon":"https://plugins.jetbrains.com/files/27843/831691/icon/default.svg","id":27843,"isFree":false,"describe":"","tags":["Paid","User Interface","Code Editing","Code Quality","Viewer"],"licenseKey":"","crackstatus":""},{"code":"PDARTDATACLASS","name":"Dart Data Class Pro","pricingModel":"PAID","icon":"https://plugins.jetbrains.com/files/27027/720981/icon/default.svg","id":27027,"isFree":false,"describe":"","tags":["Paid","Inspection","Code Tools","Editor","Android","iOS","Android Studio"],"licenseKey":"","crackstatus":""},{"code":"PKOTLINPARAMETE","name":"kotlin-parameter-object","pricingModel":"PAID","icon":"https://plugins.jetbrains.com/files/25083/812777/icon/default.svg","id":25083,"isFree":false,"describe":"","tags":["Paid","Inspection","Code Tools","Refactoring","Code Editing","Android","Code Quality","Android Studio"],"licenseKey":"","crackstatus":""},{"code":"PDSL","name":"Dsl","pricingModel":"PAID","icon":"https://plugins.jetbrains.com/files/26476/788158/icon/default.svg","id":26476,"isFree":false,"describe":"","tags":["Paid","Tools Integration","Database"],"licenseKey":"","crackstatus":""},{"code":"PVHDLLANGUAGESU","name":"VHDL Language Support","pricingModel":"PAID","icon":"https://plugins.jetbrains.com/files/26267/671860/icon/default.svg","id":26267,"isFree":false,"describe":"","tags":["Paid","Programming Language"],"licenseKey":"","crackstatus":""},{"code":"PSYSTEMVERILOGL","name":"SystemVerilog Language Support","pricingModel":"PAID","icon":"https://plugins.jetbrains.com/files/26514/682287/icon/default.svg","id":26514,"isFree":false,"describe":"","tags":["Paid","Programming Language"],"licenseKey":"","crackstatus":""},{"code":"PBACKLOG","name":"Backlog Integration","pricingModel":"PAID","icon":"https://plugins.jetbrains.com/files/25737/827558/icon/default.svg","id":25737,"isFree":false,"describe":"","tags":["Paid","TeamWork","Issue Trackers"],"licenseKey":"","crackstatus":""},{"code":"PMYBATISDAOGEN","name":"MyBatis Dao Generator","pricingModel":"PAID","icon":"static/icons/Plugin_icon.svg","id":25259,"isFree":false,"describe":"","tags":["Paid","Code Tools","Framework","Database","Formatting","Code Quality","Productivity","Machine Learning"],"licenseKey":"","crackstatus":""},{"code":"PCONSOLELOGPRO","name":"Console Log Pro","pricingModel":"FREEMIUM","icon":"https://plugins.jetbrains.com/files/26736/734424/icon/default.svg","id":26736,"isFree":false,"describe":"","tags":["Freemium","JavaScript","Code Editing","Debugging","Productivity","PHP"],"licenseKey":"","crackstatus":""},{"code":"PMCPSERVERSFORJ","name":"MCP Servers for AI Assistants","pricingModel":"FREEMIUM","icon":"https://plugins.jetbrains.com/files/28071/830878/icon/default.svg","id":28071,"isFree":false,"describe":"","tags":["Freemium","Tools Integration","AI"],"licenseKey":"","crackstatus":""},{"code":"PYIMICODEGEN","name":"Yimi CodeGen Pro","pricingModel":"PAID","icon":"https://plugins.jetbrains.com/files/26463/767933/icon/default.svg","id":26463,"isFree":false,"describe":"","tags":["Paid","Code Tools","JEE","Completion"],"licenseKey":"","crackstatus":""},{"code":"PMYBATISTOOLS","name":"MybatisTools","pricingModel":"PAID","icon":"https://plugins.jetbrains.com/files/25549/831767/icon/default.svg","id":25549,"isFree":false,"describe":"","tags":["Paid","Code Tools","Database","Completion"],"licenseKey":"","crackstatus":""},{"code":"PACTIONATE","name":"Actionate","pricingModel":"PAID","icon":"https://plugins.jetbrains.com/files/26365/738093/icon/default.svg","id":26365,"isFree":false,"describe":"","tags":["Paid","Tools Integration","Remote APIs","Productivity","Build","Testing"],"licenseKey":"","crackstatus":""},{"code":"PHUBLHERO","name":"HubL Hero","pricingModel":"PAID","icon":"https://plugins.jetbrains.com/files/27654/778283/icon/default.svg","id":27654,"isFree":false,"describe":"","tags":["Paid","Programming Language"],"licenseKey":"","crackstatus":""},{"code":"PSPRINGNAVI","name":"Spring Navigator","pricingModel":"PAID","icon":"https://plugins.jetbrains.com/files/26854/740609/icon/default.svg","id":26854,"isFree":false,"describe":"","tags":["Paid","JEE","Web","Navigation"],"licenseKey":"","crackstatus":""},{"code":"PPRFLOWTRACKER","name":"PR-FlowTracker","pricingModel":"PAID","icon":"https://plugins.jetbrains.com/files/25582/771494/icon/default.svg","id":25582,"isFree":false,"describe":"","tags":["Paid","Tools Integration","Reporting","Productivity","VCS"],"licenseKey":"","crackstatus":""},{"code":"PDOCGENIE","name":"DocGenie","pricingModel":"PAID","icon":"https://plugins.jetbrains.com/files/25496/722125/icon/default.svg","id":25496,"isFree":false,"describe":"","tags":["Paid","Code Tools","Refactoring","Code Editing","Android","Completion","Code Quality","Snippets","Android Studio"],"licenseKey":"","crackstatus":""},{"code":"PSWISSKITCONVER","name":"SwissKit Converter","pricingModel":"PAID","icon":"https://plugins.jetbrains.com/files/23458/538669/icon/default.svg","id":23458,"isFree":false,"describe":"","tags":["Paid","Code Tools","Fun Stuff","Productivity"],"licenseKey":"","crackstatus":""},{"code":"PGITLABMULTIREP","name":"GitLab Multi-Repo Search","pricingModel":"PAID","icon":"https://plugins.jetbrains.com/files/26095/787491/icon/default.svg","id":26095,"isFree":false,"describe":"","tags":["Paid","Code Tools","Tools Integration","Editor","Productivity","Snippets","VCS"],"licenseKey":"","crackstatus":""},{"code":"PRCHSPRINGCODEG","name":"rch-spring-code-generation","pricingModel":"PAID","icon":"static/icons/Plugin_icon.svg","id":26218,"isFree":false,"describe":"","tags":["Paid","Code Tools","Programming Language"],"licenseKey":"","crackstatus":""},{"code":"PBISAA","name":"Android Antidecompiler","pricingModel":"PAID","icon":"https://plugins.jetbrains.com/files/12408/229970/icon/default.svg","id":12408,"isFree":false,"describe":"","tags":["Paid","Code Tools","Security","Android"],"licenseKey":"","crackstatus":""},{"code":"PYMLHELPER","name":"YmlHelper","pricingModel":"PAID","icon":"https://plugins.jetbrains.com/files/27570/785782/icon/default.svg","id":27570,"isFree":false,"describe":"","tags":["Paid","Search and Replace"],"licenseKey":"","crackstatus":""},{"code":"PAICODEEYE","name":"AI CodeEye","pricingModel":"FREEMIUM","icon":"https://plugins.jetbrains.com/files/27573/801275/icon/default.svg","id":27573,"isFree":false,"describe":"","tags":["Freemium","Code Tools","Code Quality","Productivity","AI"],"licenseKey":"","crackstatus":""},{"code":"PPINESCRIPTSUPP","name":"Pine Script Support","pricingModel":"PAID","icon":"static/icons/Plugin_icon.svg","id":27219,"isFree":false,"describe":"","tags":["Paid","User Interface","Editor","Code Editing","Editor Color Schemes","Android Studio"],"licenseKey":"","crackstatus":""},{"code":"PPRSNAPVIEW","name":"PR-SnapView","pricingModel":"PAID","icon":"https://plugins.jetbrains.com/files/25326/604773/icon/default.svg","id":25326,"isFree":false,"describe":"","tags":["Paid","User Interface","Tools Integration","Reporting","VCS"],"licenseKey":"","crackstatus":""},{"code":"PKARATEGEN","name":"KarateGen","pricingModel":"PAID","icon":"https://plugins.jetbrains.com/files/27283/743186/icon/default.svg","id":27283,"isFree":false,"describe":"","tags":["Paid","Code Tools","Testing","AI"],"licenseKey":"","crackstatus":""},{"code":"PEXTRAIDETWLIFE","name":"Extra IDE Tweaks Lifetime","pricingModel":"PAID","icon":"https://plugins.jetbrains.com/files/27808/839289/icon/default.svg","id":27808,"isFree":false,"describe":"","tags":["Paid","User Interface","Fun Stuff","Miscellaneous"],"licenseKey":"","crackstatus":""},{"code":"PSTACKTRACE","name":"StackTrace","pricingModel":"PAID","icon":"https://plugins.jetbrains.com/files/27279/744820/icon/default.svg","id":27279,"isFree":false,"describe":"","tags":["Paid","Code Tools","Debugging","AI"],"licenseKey":"","crackstatus":""},{"code":"PCODEPORTAL","name":"Code Portal","pricingModel":"PAID","icon":"https://plugins.jetbrains.com/files/27209/752667/icon/default.svg","id":27209,"isFree":false,"describe":"","tags":["Paid","Productivity"],"licenseKey":"","crackstatus":""},{"code":"PSMARTCHANGELIS","name":"SmartChangelist AI","pricingModel":"PAID","icon":"https://plugins.jetbrains.com/files/27596/799819/icon/default.svg","id":27596,"isFree":false,"describe":"","tags":["Paid","Productivity","VCS","AI"],"licenseKey":"","crackstatus":""},{"code":"PEGTRANSWEB","name":"i18n Translate Pro: Web","pricingModel":"PAID","icon":"https://plugins.jetbrains.com/files/28020/830928/icon/default.svg","id":28020,"isFree":false,"describe":"","tags":["Paid","Web","Productivity","Localization","AI"],"licenseKey":"","crackstatus":""},{"code":"PFILESMANAGER","name":"Files Manager for Claude","pricingModel":"PAID","icon":"https://plugins.jetbrains.com/files/27681/780409/icon/default.svg","id":27681,"isFree":false,"describe":"","tags":["Paid","Tools Integration","Productivity","AI"],"licenseKey":"","crackstatus":""},{"code":"PEGTRANSJVM","name":"i18n Translate Pro: JVM","pricingModel":"PAID","icon":"https://plugins.jetbrains.com/files/27856/830919/icon/default.svg","id":27856,"isFree":false,"describe":"","tags":["Paid","Productivity","Localization","AI"],"licenseKey":"","crackstatus":""},{"code":"PTHRIFTREQUEST","name":"Thrift Request","pricingModel":"FREEMIUM","icon":"https://plugins.jetbrains.com/files/27684/831755/icon/default.svg","id":27684,"isFree":false,"describe":"","tags":["Freemium","Remote APIs","Testing"],"licenseKey":"","crackstatus":""},{"code":"PSAVE","name":"Save","pricingModel":"PAID","icon":"https://plugins.jetbrains.com/files/27936/797247/icon/default.svg","id":27936,"isFree":false,"describe":"","tags":["Paid","User Interface","Menu Components"],"licenseKey":"","crackstatus":""},{"code":"DC","name":"dotCover","pricingModel":"","icon":"static/icons/dotCover_icon.svg","id":0,"isFree":false,"describe":"","tags":["C#",".NET","ASP.NET"],"licenseKey":"","crackstatus":""}]
